source_id,ra,ra_error,dec,dec_error,parallax,parallax_error,phot_g_mean_mag,bp_rp,radial_velocity,radial_velocity_error,phot_variable_flag,teff_val,a_g_val,lum_val
65213585128056832,56.74662535012332,3.5202737496010275,24.07348323800501,2.167977415128546,,,21.057165,,,,"NOT_AVAILABLE",,,
65213649552165632,56.73423388278368,0.8811953027970914,24.078513093202737,0.5001705984713257,0.3180867368014044,1.0153318202698827,19.983711,0.4625454,,,"NOT_AVAILABLE",,,
65225366222955776,56.71950043937869,0.5024257004201935,24.082970267577977,0.28203939238324616,-0.11320530298763445,0.5669740656091846,19.309132,0.88396454,,,"NOT_AVAILABLE",,,
65212927997669888,56.786218654645765,0.14936055191289316,24.050691003074096,0.09176537022836147,0.5048956195872675,0.17665430243041616,17.234884,1.2277279,,,"NOT_AVAILABLE",,,
65213786991129472,56.775812320248946,0.2917981993355897,24.07634766452817,0.16816872426647184,1.0767353331240817,0.3185126857192549,18.566946,1.0938835,,,"NOT_AVAILABLE",,,
65213512113172480,56.71222836667259,0.2755608767532564,24.05230447248044,0.1699493836072522,0.40636180269603783,0.29091838815881266,18.376057,0.91220284,,,"NOT_AVAILABLE",,,
65225885914002688,56.7366941031912,1.2162966428675188,24.12948165433806,0.6546683166018945,-0.5225417720907433,1.290988826603301,20.15783,0.37133026,,,"NOT_AVAILABLE",,,
65226160791909504,56.70635741216563,1.0098540577645303,24.140921878146102,0.5901593115300285,1.5527612267184654,1.2106808074454538,20.217735,0.3112812,,,"NOT_AVAILABLE",,,
65226951065891712,56.674578503808014,0.8947781342001477,24.15763311766024,0.4835087489941629,1.156815224664121,0.9671807119531735,20.137505,0.29828262,,,"NOT_AVAILABLE",,,
65226023354504320,56.75813911480966,0.14584467927198663,24.14539274407376,0.08329440228311351,0.47163379900304564,0.1575116452342012,17.410467,1.0187569,,,"NOT_AVAILABLE",,,
65225920273742848,56.75615178913603,1.0324099035185628,24.119112926172495,0.5819019686517866,0.2954812444291199,1.1456881247225326,20.20306,0.58693504,,,"NOT_AVAILABLE",,,
65225950338575616,56.764508866404086,0.4937643357473138,24.125735626560797,0.29198743323184206,1.198329659035543,0.539929398274763,19.173725,0.6820164,,,"NOT_AVAILABLE",,,
65227054145501568,56.72092226096145,6.20644116165628,24.175262632220466,3.5364218125202425,,,21.255135,,,,"NOT_AVAILABLE",,,
65225748474544128,56.68404114486042,1.1031444572837326,24.123831849677483,0.6826579501823559,-0.11286916424198165,1.2938869218412954,20.325281,0.7110729,,,"NOT_AVAILABLE",,,
65225782834282624,56.733831358680234,0.5412237888994235,24.09617844396177,0.3197161839106098,-0.4025753832888761,0.5957041344196102,19.387474,0.54068375,,,"NOT_AVAILABLE",,,
65225469302220672,56.70855161763332,0.15200026073155648,24.10599523113492,0.0913804198308293,0.2586852343986623,0.16292970484046443,17.603554,1.0398617,,,"NOT_AVAILABLE",,,
65213374674242048,56.755752563429695,0.24278724053663095,24.06548001982692,0.14176257018167426,-0.056617015746781164,0.26486526642912034,18.32254,0.792881,,,"NOT_AVAILABLE",,,
65213374674242688,56.74983771214124,0.0774989243324367,24.06570118812239,0.046641349848879715,0.11307120320402425,0.08451230272899088,16.301416,0.87158203,,,"NOT_AVAILABLE",5541.315,2.0073,
65225473596637696,56.71590818577831,0.8374918681310453,24.10502964299479,0.500026289922194,-0.9403842181526361,0.918526373651391,19.97091,0.39860916,,,"NOT_AVAILABLE",,,
65225714114811648,56.67396915552903,0.7280430298111638,24.11359581362458,0.4619686311944841,1.1925721069534883,0.7937782751104981,20.022686,1.3111706,,,"NOT_AVAILABLE",,,
65226263871160960,56.71934249414753,1.2947102973843028,24.14882629836124,0.7422148628045632,0.6322656205683219,1.509629579721609,20.47894,1.0323486,,,"NOT_AVAILABLE",,,
65213580832679680,56.750413599996506,0.3739781872923558,24.070484558480278,0.22040884767005753,1.043842513799457,0.40965378513084283,18.934666,0.9630623,,,"NOT_AVAILABLE",,,
65225297503468544,56.67280823185903,0.4221242822424328,24.07526490012411,0.26897877763953243,0.09155759042577917,0.4585966155738652,19.06434,1.2641926,,,"NOT_AVAILABLE",,,
65213718271634176,56.78484643036186,0.24626086468025343,24.07003059167284,0.14137160452286074,-0.025283582499672753,0.26901168682826665,18.361488,0.6060848,,,"NOT_AVAILABLE",,,
65213718271634432,56.77912750289671,0.5179398244844703,24.071901083309573,0.29640487535453724,-0.8171510639026276,0.5818732716581055,19.42621,0.5019474,,,"NOT_AVAILABLE",,,
65225744180148992,56.69227506567186,0.8291020985686418,24.128327531707612,0.49023542989082813,0.3924613807464692,0.8667614870079967,19.908096,0.48727608,,,"NOT_AVAILABLE",,,
65225611035601408,56.66807829545215,1.1111477700440155,24.10213537945148,0.6950488481487331,5.295786147127892,1.2090965792667325,20.55253,0.36729813,,,"NOT_AVAILABLE",,,
65225434942459136,56.700106519415044,0.29544557158503004,24.100579599631423,0.17998008905769908,0.22983094723495703,0.3196303195609723,18.618307,0.9878254,,,"NOT_AVAILABLE",,,
65213413329403648,56.7092224801989,3.5663605385847803,24.04717950201645,2.241099807461408,,,21.08371,,,,"NOT_AVAILABLE",,,
65226053417788288,56.70268193931833,0.39562022341817155,24.123490872859232,0.2367226030447027,0.3416432177829885,0.4355383444540409,19.043245,0.5613289,,,"NOT_AVAILABLE",,,
65213860005059200,56.81408464410488,0.564638397113482,24.09677629469333,0.2941970070866613,-0.018135752575958675,0.6327919175621309,19.340246,0.37838364,,,"NOT_AVAILABLE",,,
65226229510868608,56.744010162956464,0.5337066299680296,24.153696308827087,0.3158161031717812,1.1038808619115534,0.5765722642207544,19.44939,1.4423542,,,"NOT_AVAILABLE",,,
65225778539850880,56.741649974286226,0.2385761920130274,24.104447473678775,0.12812350157848104,0.5521299103899451,0.24817859673856957,18.054758,0.7315502,,,"NOT_AVAILABLE",,,
65214061869064448,56.759968155561275,0.8179004575479031,24.103764546202957,0.45875156237131604,0.1731340247017335,0.9038351940924821,19.94559,0.17689896,,,"NOT_AVAILABLE",,,
65225744180135808,56.683323639257374,1.4826717108631022,24.119944645840622,0.95376259849979,0.8102263898531068,1.758119960627713,20.604675,0.5798588,,,"NOT_AVAILABLE",,,
65225370517931520,56.70944271496747,1.0478910623016484,24.087465461604815,0.6477287525069039,2.874230199226308,1.1076020130004016,20.367468,0.093509674,,,"NOT_AVAILABLE",,,
65213894364799488,56.78628208117048,0.9485763126556587,24.09890310948299,0.5646824517670287,-0.13080712572079517,1.0525006988891792,20.255568,-0.23670006,,,"NOT_AVAILABLE",,,
65225782834791296,56.72623382002765,1.0737789147189,24.103770086234935,0.629363639630713,0.9087510300689835,1.2500292708337613,20.32798,0.13453674,,,"NOT_AVAILABLE",,,
65225434942442496,56.69262732839092,0.46062017176176856,24.089413266193098,0.2975200306412825,0.09542075486826262,0.49933754367681243,19.399412,0.70630646,,,"NOT_AVAILABLE",,,
65225400582704768,56.730245565940706,0.45195970135760294,24.089343288968415,0.26209049722750805,-1.1311285487002676,0.49641599120405483,19.192156,0.50866127,,,"NOT_AVAILABLE",,,
65213001012502912,56.81604233429853,5.505079588472711,24.062352368354254,1.9969646762293212,,,20.931606,,,,"NOT_AVAILABLE",,,
65213653847148160,56.732092634182656,1.405503363776616,24.0805535659227,1.0459110524817916,,,20.58532,0.3896904,,,"NOT_AVAILABLE",,,
65213756926363520,56.757687649433194,0.9225085086316392,24.0736553863285,0.514807781501427,-0.6853575565426938,1.056879991116405,20.07332,-0.015825272,,,"NOT_AVAILABLE",,,
65225641100879488,56.689372952032706,0.4961057356282293,24.093122174088048,0.31875139806797687,1.0592553648614702,0.5467771202192776,19.311838,1.6064606,,,"NOT_AVAILABLE",,,
65213993149565440,56.77017767820024,0.25020910511195765,24.088064613769134,0.12668837565671995,0.19205482772527402,0.26423400067070063,18.18534,0.99349594,,,"NOT_AVAILABLE",,,
65213378969242368,56.751334461209396,1.250561435255005,24.060259404099757,0.7361782972237483,-1.201018366683324,1.4759324367343647,20.493887,0.57422066,,,"NOT_AVAILABLE",,,
65213649552182784,56.73585982045645,0.6289181956794445,24.08917974248569,0.3688457000888014,2.1672880925961557,0.6975763672817075,19.62814,0.9064007,,,"NOT_AVAILABLE",,,
65213241530300288,56.72457905456353,0.8378126830031578,24.041952085646113,0.5018275557429862,0.08198420663162308,0.8952402424505531,20.100512,0.7482796,,,"NOT_AVAILABLE",,,
65213409033938304,56.713477960880155,0.2200024513982125,24.041600919936137,0.16279385642747624,0.33204466702270413,0.2322502007151596,18.004118,1.339056,,,"NOT_AVAILABLE",,,
65212863573613312,56.800143486182975,3.2466427104171354,24.04875190973539,2.0043732618291377,,,20.855808,,,,"NOT_AVAILABLE",,,
65213310250211968,56.764919075234594,2.926144981649071,24.059664199013376,2.7304407496829657,,,20.854795,,,,"NOT_AVAILABLE",,,
65225434942451328,56.69430971488793,0.30649236266350244,24.095098073237406,0.18436835745107188,0.27492073351950413,0.33310655093725183,18.559175,1.6105309,,,"NOT_AVAILABLE",,,
65225434942451200,56.69598834794509,0.16624730878518404,24.09410706188943,0.10734557678097509,0.5405898478693234,0.17444383340471578,17.861977,1.3267727,,,"NOT_AVAILABLE",,,
65213653847596672,56.73700742335189,5.563975119608643,24.079388463073986,2.328259962028976,,,20.96264,,,,"NOT_AVAILABLE",,,
65213786991141120,56.777834440450874,0.26255616784955793,24.090470352647927,0.13631565833353373,0.6037172013650054,0.29274368723862776,18.169321,1.123785,,,"NOT_AVAILABLE",,,
65225778539836544,56.73481757492251,0.2382631716116019,24.09574791640073,0.14225293590991084,0.7566357000914515,0.25981714302610354,18.150364,1.4966087,,,"NOT_AVAILABLE",,,
65225611036626176,56.67066869897717,11.08578759054859,24.09642717331373,5.434661969697529,,,21.188442,,,,"NOT_AVAILABLE",,,
65213310251214592,56.77470728100557,0.05143783804515965,24.048807366592655,0.0297764226261743,0.12347544574836435,0.056198222146771615,15.362011,1.4909582,,,"NOT_AVAILABLE",4453.3335,,
65225984700165248,56.74262078326659,1.5887814983863826,24.128139340982166,0.8402069144477262,0.0756987282754296,1.6718322970088715,20.50768,0.7515583,,,"NOT_AVAILABLE",,,
65225714115764224,56.68051342113424,7.632877884455444,24.10557979845509,2.8685243401111817,,,21.01859,,,,"NOT_AVAILABLE",,,
65213069731082752,56.81283337118537,1.2406329113589871,24.07069053340511,0.7647029677503553,1.332651611546299,1.4673656766776597,20.339468,0.32899475,,,"NOT_AVAILABLE",,,
65225920273226240,56.76093660193176,1.139948643886337,24.127674258888526,0.7200112911928944,-0.2149493196757143,1.3821793997457132,20.267754,0.52015686,,,"NOT_AVAILABLE",,,
65213310251214336,56.762333151848466,0.09627382304097958,24.056596797914025,0.05716754745845635,1.971846306374214,0.104810426392599,16.753849,1.8079672,,,"NOT_AVAILABLE",3996.0,,0.06359269
65225812899613312,56.74709494788445,3.7528824842369826,24.11995190424078,2.255096423236962,,,20.409248,,,,"NOT_AVAILABLE",,,
65214100524196224,56.77873441817132,8.459788962939403,24.10957567414747,2.547644745140877,,,21.114298,,,,"NOT_AVAILABLE",,,
65214134882966272,56.79261581030486,0.6821247037611117,24.10662911265439,0.40378379659206887,1.0038486065378482,0.7764885821961041,19.700935,0.38874054,,,"NOT_AVAILABLE",,,
65225439237834112,56.7085775819849,3.7178075497924064,24.09393611600283,2.1094597195149944,,,21.084719,,,,"NOT_AVAILABLE",,,
65225847259355776,56.72293134836201,0.6245434395150565,24.122013128594432,0.3747725283853396,0.15273311172268614,0.6821849288309784,19.664898,0.6080303,,,"NOT_AVAILABLE",,,
65225744180143104,56.69350373996743,0.9682365886865608,24.123444352603588,0.7333762217468357,1.1133595666512601,1.1014503175654358,20.045813,0.40675163,,,"NOT_AVAILABLE",,,
65225473597572736,56.7184673274668,7.3731235676878155,24.101886621041476,2.5782554480465976,,,20.89752,-0.11787796,,,"NOT_AVAILABLE",,,
65227122864064256,56.71646299121774,1.172956268422281,24.180183611268635,0.7029782718186739,3.600586538610159,1.3218989402730164,20.512098,0.2172451,,,"NOT_AVAILABLE",,,
65226053417788160,56.70421360195288,0.35101604730418867,24.12378709011984,0.20993958954766367,3.5416280711151766,0.3823777156482269,18.8492,1.7103138,,,"NOT_AVAILABLE",,,
65226160792340608,56.71084130129245,5.375395642204431,24.13595524345886,2.2100570780941107,,,20.933592,0.2076931,,,"NOT_AVAILABLE",,,
65226122137270272,56.702575980171616,0.22121911338422545,24.12572935135154,0.11834409210584884,1.2672463087697283,0.23324927500934753,17.876781,1.7312756,,,"NOT_AVAILABLE",,,
65225885913490048,56.73639927222993,1.5469240879216077,24.12450493358991,0.7708324467095228,-0.0552704543864949,1.6873697150422127,20.471706,0.74186134,,,"NOT_AVAILABLE",,,
65214169243260800,56.77435940186224,1.4433432661324042,24.1106861765795,0.8070294921759248,1.1966229821231562,1.6971548237955938,20.675657,0.61642265,,,"NOT_AVAILABLE",,,
65214061869072512,56.75299343233099,0.36244960534800785,24.108197009785467,0.21256059647814396,0.9740526724840471,0.39670351743269733,18.913187,0.5553417,,,"NOT_AVAILABLE",,,
65213340314487808,56.74001934493037,0.9488255476866826,24.057149022391474,0.5453119948365643,0.6195017970716911,1.0639453201619358,20.20847,0.26400948,,,"NOT_AVAILABLE",,,
65213340314477568,56.74671886750079,0.37972007215398995,24.050829966278158,0.23980572109367054,-0.03497529956520423,0.4087459353172069,19.138351,0.9950409,,,"NOT_AVAILABLE",,,
65213374674236032,56.746770989738,0.4851858745394239,24.061954197635355,0.28160610921429585,1.3750350391628343,0.5300979412339172,19.282299,1.3692989,,,"NOT_AVAILABLE",,,
65225709820384000,56.674157528132916,0.44788528992505766,24.11185247359909,0.2776597225976412,1.262733473228966,0.48833497204047277,19.449148,1.1793232,,,"NOT_AVAILABLE",,,
65225812899598976,56.74014567801366,0.3861203498753331,24.11124581143108,0.20831012758043196,0.665264225670521,0.4246618906939961,18.827349,1.4156532,,,"NOT_AVAILABLE",,,
65225709820386560,56.68007408859273,0.4258549401144163,24.11257149308448,0.26858186951261576,2.148843124401296,0.46570131948127935,19.202635,1.8590584,,,"NOT_AVAILABLE",,,
65213683911881856,56.76862796082149,0.14608915079246895,24.06227960231957,0.09216106346319107,1.097869960603603,0.1613137018624025,17.302341,1.6920567,,,"NOT_AVAILABLE",,,
65225370517970432,56.707811296707476,1.0619847761839052,24.079072033416498,0.646862827097443,1.120058386804012,1.1702302184658597,20.485174,0.81484795,,,"NOT_AVAILABLE",,,
65213512113191680,56.7092027496716,0.5848776346521705,24.06368107913761,0.3614273488480848,-0.02551014051847072,0.6252263868543619,19.670033,1.1021652,,,"NOT_AVAILABLE",,,
65225709820388736,56.669441881817626,0.6186149127287348,24.113823398464792,0.3859084441080857,-0.6485042437970804,0.6748725665909864,19.8229,0.8869896,,,"NOT_AVAILABLE",,,
65226951066370560,56.671855133181495,11.239947365981106,24.153865652291366,3.851624824929606,,,20.978327,0.58023834,,,"NOT_AVAILABLE",,,
65212962357372288,56.8006674730584,0.24571835306655884,24.059140134128647,0.14615645210151368,0.663886003528056,0.26672427570561935,18.202517,0.5763531,,,"NOT_AVAILABLE",,,
65213443393709568,56.722145341446456,0.445371389032017,24.060361107298384,0.27653418852890177,3.770077713209334,0.48517368583775633,19.108616,1.8354397,,,"NOT_AVAILABLE",,,
65213443393698176,56.719217757077345,0.3074584513249555,24.053694778252538,0.19207842103724268,0.7928652502977059,0.3214059784767869,18.695528,1.3321095,,,"NOT_AVAILABLE",,,
65225469302220928,56.7130315663608,0.6367576204750455,24.1087643348783,0.3877221517839658,-0.4764091184177097,0.7091585157369185,19.550766,0.3870964,,,"NOT_AVAILABLE",,,
65225469302220800,56.71438570129497,0.1648729492320077,24.10432913140181,0.10526082936571725,7.359757216328837,0.18754668508255076,17.474613,2.5130405,,,"NOT_AVAILABLE",,,
65225675460654080,56.70058935501477,0.2633285206282801,24.116281248250854,0.15620222963461788,0.48721003371422866,0.28951136195399624,17.925905,1.2679787,,,"NOT_AVAILABLE",,,
65213683911881728,56.78683884689585,0.16784871455415182,24.06154628945611,0.10536997994496171,0.2487275513249077,0.18197658554608018,17.660887,0.94021034,,,"NOT_AVAILABLE",,,
65213512113179776,56.71553231847118,0.175241111779192,24.056687944203915,0.12661689954697908,2.3347565977636475,0.18341718216212521,17.50996,2.294241,,,"NOT_AVAILABLE",,,
65213963085179264,56.75898434074029,1.2359377795564428,24.081492078479098,0.7066712542697569,1.7039944934032811,1.3888760822405122,20.392569,0.08757973,,,"NOT_AVAILABLE",,,
65213791286486912,56.769432290789396,2.169354260459572,24.07998611627049,1.282502964628273,,,20.645958,0.32946396,,,"NOT_AVAILABLE",,,
65226912411279744,56.70524594520779,0.5428038615104971,24.14954834378914,0.3304451368943003,-0.9777007865499349,0.5887235151051597,19.438711,0.7562256,,,"NOT_AVAILABLE",,,
65214169244668032,56.77490046250968,0.06087749112881829,24.11165152292933,0.03540947534381511,1.0580894417885403,0.06605204447647903,15.776992,1.188653,,,"NOT_AVAILABLE",4909.0625,0.382,0.36654797
65213860007022976,56.804008674295275,0.11115375970016725,24.09037237528644,0.06696150369707897,0.6691901968183145,0.12472583652539274,17.007454,0.9609871,,,"NOT_AVAILABLE",5343.0,0.1195,
65213825647284992,56.79959527041257,0.13340910327991756,24.085692827387643,0.08027556713273683,2.222461902800787,0.1503822942083824,17.27131,1.972723,,,"NOT_AVAILABLE",,,
65213104092779648,56.819416628917345,0.09168558397548185,24.07366816194163,0.043539880888290944,0.993525743457967,0.08828330237163391,15.839868,1.2707558,,,"NOT_AVAILABLE",4950.34,0.7962,0.38852385
65214066165454848,56.7483816583026,0.06998360978623179,24.103335696171467,0.03982650996959489,0.49366671648896593,0.07487604497739682,15.92485,1.0821705,,,"NOT_AVAILABLE",5051.68,1.161,
65213791287548288,56.77476091098455,0.06572663263288635,24.086583533347124,0.032763867779008714,1.5149518129350446,0.06862240494663722,15.58075,1.4566879,,,"NOT_AVAILABLE",4389.8696,,0.25562122
65212966653827840,56.79513827480169,0.1607613043594726,24.063590830803566,0.09166045130352846,1.7205281682998095,0.183345679032152,17.467522,1.5311813,,,"NOT_AVAILABLE",,,
65226195153096192,56.73669978088009,0.12988623290915596,24.149503650002085,0.0862436888191165,3.5979626837247496,0.14159832635449054,13.611967,1.4782515,,,"NOT_AVAILABLE",4479.0,,0.2673771
65226195153096320,56.74155363761509,0.2747809294206786,24.144148613827394,0.16250632537663848,-0.8936133897178316,0.2971381902139215,18.507248,0.8474636,,,"NOT_AVAILABLE",,,
65214031805717376,56.7456149024488,0.05418270245173181,24.08917621821297,0.03994061929291561,2.5662450421932825,0.06231607306139289,11.948313,0.9801464,,,"NOT_AVAILABLE",5341.6665,0.716,1.9570154
65213340314480128,56.73540297232711,0.15810652759807453,24.051856813318548,0.10071569114193153,0.5187398940648299,0.17109941552756588,17.548868,1.219593,,,"NOT_AVAILABLE",,,
65227054146554368,56.71809274674159,0.10471424899891431,24.173200869246507,0.06711599243306114,1.0317043001135482,0.11188470541421273,13.602508,1.0245752,,,"NOT_AVAILABLE",5188.8623,,2.6991308
65227054146554624,56.72112107310228,0.0460538483745952,24.168737713164827,0.027775598144340313,0.9073396031450014,0.05001578573365148,15.059168,1.0266323,,,"NOT_AVAILABLE",5233.0,0.5625,0.90585494
65227019786816384,56.713427562746894,0.2200964201218127,24.168755255619903,0.11410921632834427,0.7352422774868471,0.2253930999288881,17.869324,1.1399803,,,"NOT_AVAILABLE",,,
65226259576255232,56.7215390483415,0.5039310587305785,24.154279962660933,0.30179696107590914,0.16401182581580886,0.5436934560178002,19.333025,0.53778076,,,"NOT_AVAILABLE",,,
65226225216516608,56.73868476599061,0.12489754087457965,24.15345073993713,0.07523309837490941,0.7425705206582902,0.13569434210466966,17.240192,1.1973057,,,"NOT_AVAILABLE",,,
65226573110220544,56.67211770780191,0.13091407709128797,24.14617319823777,0.06625241096373499,0.5638139712562865,0.12966528495760477,17.185555,1.1322422,,,"NOT_AVAILABLE",,,
65226092073881856,56.72491282449877,0.15659287044801246,24.132376831118844,0.09905228935352244,7.187549442387589,0.17957260861786084,17.332096,2.6410322,,,"NOT_AVAILABLE",,,
65225606742989312,56.66930015600279,0.4068913926814575,24.109262575296523,0.28574682035033694,1.4157772703377591,0.45086098656187895,19.230042,1.6857338,,,"NOT_AVAILABLE",,,
65226053419590656,56.72066586954984,0.8949516435372168,24.12251053812346,0.5352672937801521,3.524575427114319,1.0130146595494205,19.971735,0.9645443,,,"NOT_AVAILABLE",,,
65225473598594176,56.71740589791738,0.17625269898309795,24.101321913368913,0.10765935886813185,0.2124185745559798,0.19179740234917272,17.752275,0.91822624,,,"NOT_AVAILABLE",,,
65225473598594688,56.71513165601188,0.07923737587840962,24.09738238945923,0.04784944227324539,0.37062023294585533,0.08630915440557323,16.24197,1.0573025,,,"NOT_AVAILABLE",5210.4,,
65226087777534976,56.72614760542649,0.25703515770557234,24.13086542808962,0.15443970686601474,1.1496247886668152,0.2802272851107436,18.267012,1.147377,,,"NOT_AVAILABLE",,,
65225851555715328,56.726945451779855,0.04337603976419709,24.111722207590073,0.02187587889024368,4.377467847925531,0.04584985031574985,13.929908,1.5438089,,,"NOT_AVAILABLE",4452.75,0.422,0.13625577
65214134884929280,56.79689881785463,0.0976395436863391,24.11290123025364,0.057873250799688844,0.08029526063158067,0.10610758753469968,16.782278,1.2356815,,,"NOT_AVAILABLE",4820.0,,
65214203604406144,56.77711936666922,0.09719956603958593,24.12109845346454,0.0582509898071207,0.6570497336586091,0.10540278816448424,16.79222,0.98197556,,,"NOT_AVAILABLE",5347.0,0.016,
65225645397287168,56.69092358154632,0.06723415521734524,24.10546969004006,0.0407476995205372,0.25572039313183825,0.0725573330803965,16.093355,1.214922,,,"NOT_AVAILABLE",4867.9233,,
65226087777537536,56.71281247901085,0.3371031798370822,24.13209588492236,0.18971052462587218,-0.2378528831813735,0.37123690653526115,18.436869,0.60808754,,,"NOT_AVAILABLE",,,
65212932293024768,56.797022161985794,6.737190393504431,24.051126885351426,3.137803559159077,,,20.851393,,,,"NOT_AVAILABLE",,,
65212863574614016,56.802263455771566,0.11809350145405896,24.048099838201587,0.06914680699799154,0.3228594520037431,0.12897798789925177,17.106604,0.9309559,,,"NOT_AVAILABLE",,,
65213756927811968,56.75993537321267,0.11523689182967164,24.06800630919457,0.07038846191888994,0.8379355732132524,0.12414808164006384,17.017334,1.2450428,,,"NOT_AVAILABLE",4751.1226,0.207,
65212863574614912,56.79483678580146,0.034430118823739475,24.044086421151775,0.019940071951141128,0.5906606196743699,0.036681474579863996,14.102465,0.90535164,,,"NOT_AVAILABLE",5593.2754,,4.9438334
65212932294091264,56.7883521449579,0.07933501661046945,24.05198411956014,0.048250072844830544,7.236047278366038,0.09524382685062098,15.409516,2.5437899,,,"NOT_AVAILABLE",3736.0,0.6025,
65225301799907968,56.68185543136567,0.1720391312219971,24.075948069945156,0.11242570110137404,0.8364733606884325,0.18565929928135028,17.93741,1.5650864,,,"NOT_AVAILABLE",,,
65213447689332352,56.71753237975306,9.415804756884597,24.050990035289274,3.816629409021595,,,21.08388,,,,"NOT_AVAILABLE",,,
65213550769384960,56.73144899505055,0.1265707463912474,24.06289534444844,0.09341448344747838,0.5494756528331636,0.1331845439773462,17.181871,1.1556301,,,"NOT_AVAILABLE",,,
65213344610954880,56.74436437442377,0.2134548315377288,24.05541513951532,0.13437431590106658,0.9966613370311379,0.22965316836221505,18.283506,1.5980034,,,"NOT_AVAILABLE",,,
65225233080433536,56.685281920689505,0.1963034874985413,24.06071329711966,0.12508917296237163,-0.346070353177658,0.21112120285185293,18.154919,0.9034653,,,"NOT_AVAILABLE",,,
65213344610955008,56.74465803467492,0.09934901715118398,24.05143453084229,0.06336921470647212,0.1736103371966576,0.10765053077118152,16.958477,1.0804672,,,"NOT_AVAILABLE",5003.6396,,
65225233078491648,56.69247878299806,0.5817572212429473,24.05858240711236,0.3463880481292869,1.2595726728674912,0.6167823704658082,19.322037,1.6618462,,,"NOT_AVAILABLE",,,
65213310251215104,56.76142704179956,0.2869435004938123,24.054652088798516,0.16893577729674644,0.68074485775586,0.31359542506331894,18.485651,0.6769905,,,"NOT_AVAILABLE",,,
65225507958338304,56.670634866695856,0.2637528244132402,24.081305775246257,0.16649425655592362,3.499253566167104,0.287616307047259,18.495329,2.3113136,,,"NOT_AVAILABLE",,,
65212554335900160,56.782140316507274,2.3958955409263147,24.04054499226696,1.448097835061983,,,20.707249,0.41770363,,,"NOT_AVAILABLE",,,
65225611037551360,56.66398644615473,0.0438094829162553,24.103001088148325,0.026486203050808264,7.418396935580117,0.04828380308390904,9.191837,0.6303797,4.207332520587219,1.1544837610623728,"NOT_AVAILABLE",6512.5254,0.132,2.7893677
65225950338583040,56.77520776625595,0.26403562750072707,24.132487547987292,0.18648713435378983,1.2246197570306814,0.2923814939015247,18.026333,1.1649094,,,"NOT_AVAILABLE",,,
65225439238858624,56.69657820876774,0.5129428680055691,24.08920351908154,0.347207120880796,-1.0066194742207286,0.5513213631901431,18.063953,1.8859997,,,"NOT_AVAILABLE",,,
65226092073882240,56.714751996921024,0.0971191823255382,24.132846694007927,0.055883037634979656,0.3435797385270792,0.10716030617393998,16.477468,1.1922588,,,"NOT_AVAILABLE",4876.2437,,
65213275890410240,56.751216516357424,8.447530763705162,24.045683714328565,3.4535860546398967,,,21.246181,,,,"NOT_AVAILABLE",,,
65225782835178624,56.73128459866619,2.6431261909520134,24.109838927043544,0.9728797422847006,-0.7740706831230126,3.1340323541708974,20.70024,0.43151283,,,"NOT_AVAILABLE",,,
65213958789815040,56.75111979175331,0.36439553863304597,24.081509173436807,0.21188294462932084,0.832055983188021,0.398891726518349,18.951735,0.72154236,,,"NOT_AVAILABLE",,,
65213069733042688,56.810555624582676,0.09643765899676325,24.06764271821574,0.05459884080302216,0.4162545105225272,0.1037073660498222,16.706654,1.0196114,,,"NOT_AVAILABLE",5229.4873,0.634,
65225954634927104,56.767045261739014,0.08348039044763127,24.137428899262627,0.059181275142384054,0.493844993533975,0.09388410753002167,16.18518,1.0929604,,,"NOT_AVAILABLE",5011.0,0.8757,
65226229512834432,56.74049368383923,0.08548103592231268,24.148138956545825,0.051919708542662965,0.4743681652599495,0.09296243080978163,16.52827,1.1069603,,,"NOT_AVAILABLE",5008.0,,
65213688206380928,56.78110161180273,0.4521591043378067,24.06166487497227,0.25948247434061134,0.26469082760336804,0.4972946498491095,19.229252,0.41535568,,,"NOT_AVAILABLE",,,
65225331863212416,56.69480647735311,0.2625251431692564,24.080201938445825,0.16603522691335534,-0.560348119629107,0.2818203001036651,18.608477,0.77248764,,,"NOT_AVAILABLE",,,
66727608344142080,56.786321493332785,0.48590997997188123,24.18995395192714,0.259197195686295,0.8272734501887442,0.5142298057278073,19.168438,1.1136608,,,"NOT_AVAILABLE",,,
66715071335244032,56.818378505287406,6.9146067930512665,24.102801732585775,3.8145097143850095,,,20.959799,0.28022957,,,"NOT_AVAILABLE",,,
66728329898650752,56.72742704587299,0.4186308289153271,24.194794198263494,0.23884772334314583,0.07686129341013372,0.44436023669451546,19.013649,0.6789684,,,"NOT_AVAILABLE",,,
66728329898650880,56.72272209422263,0.19769839050580917,24.19439718430072,0.10673170491272507,0.5958932416700085,0.20712286915723313,17.845474,1.0449371,,,"NOT_AVAILABLE",,,
66727539624666368,56.75440989293344,0.5328279644256517,24.19151524618075,0.29538915787154507,0.8341935294022239,0.5966069115121994,19.205307,0.73731613,,,"NOT_AVAILABLE",,,
66727475199920768,56.76844681672007,0.9990477444379728,24.172996447682316,0.5727989519812617,-0.32142825634882227,0.9163355503934315,19.900043,0.42113876,,,"NOT_AVAILABLE",,,
66727402185707136,56.801466752797964,0.48953502167097107,24.181926502179607,0.28514775505448026,-0.016915280177443082,0.5519239163616618,19.38579,0.85261726,,,"NOT_AVAILABLE",,,
66727573984398848,56.77899417734909,0.5668518113070307,24.181171582309684,0.341534699579385,0.23471357534430923,0.6085927981226174,19.510588,0.50255203,,,"NOT_AVAILABLE",,,
66727539624659712,56.75202899626277,0.3498653943950522,24.1805806525265,0.20224879055085532,0.5506975069710052,0.3751176065804282,18.813602,1.5232582,,,"NOT_AVAILABLE",,,
66727440840187264,56.75176178975969,0.93729783509837,24.167881356667753,0.5376580896272654,0.455553092478307,1.0224622153824003,20.023546,0.90667534,,,"NOT_AVAILABLE",,,
66727543921574528,56.75464651467509,0.12425522217984206,24.18277084086192,0.07480193765897072,0.21097422569503357,0.13452035665497986,17.208744,0.9292221,,,"NOT_AVAILABLE",,,
66727406480437120,56.79659389038721,1.0412035675007076,24.186653177648118,0.5658711801419946,,,19.846973,1.2135811,,,"NOT_AVAILABLE",,,
66727333466219648,56.80725596521248,0.9979127098159728,24.17176235383059,0.543023706637052,1.0536054103339838,1.1136514017013217,20.201626,0.16668701,,,"NOT_AVAILABLE",,,
66727505264918016,56.74780060763629,0.24472342151323925,24.17639284047023,0.12802432874226927,0.7975627315503773,0.25697196651197146,18.087568,1.8860588,,,"NOT_AVAILABLE",,,
66727406480437248,56.79671474320928,5.426059476795108,24.186476836449724,3.0540266726869327,,,21.24406,,,,"NOT_AVAILABLE",,,
66727200322375936,56.783456494048565,2.40039740189612,24.1557012835257,1.0527728654276123,-0.13338214880210797,2.9001667725592055,20.8622,0.40865707,,,"NOT_AVAILABLE",,,
66715140056028544,56.81060384242884,0.035736958216072416,24.11801872619409,0.018499450777980223,1.452244807451509,0.0368439474916146,13.381667,0.89992523,,,"NOT_AVAILABLE",5612.1,0.4463,1.5859277
66727299106474624,56.79053050395904,0.3718713399817384,24.16322352475651,0.22170186425625485,-0.16785287659113357,0.40898264167930826,18.862328,1.049118,,,"NOT_AVAILABLE",,,
66714315420478848,56.82802716044673,10.642801518027833,24.096422438313038,2.7481348402041865,,,21.014135,,,,"NOT_AVAILABLE",,,
66715105696289024,56.83775691923278,0.0797618564893218,24.116073676973148,0.04877094068213632,7.444952560871437,0.09487621874028186,6.2838345,0.023653507,,,"NOT_AVAILABLE",9500.0,0.302,
66715449293672960,56.79412055583068,0.06837150622363773,24.138080500258752,0.040381483707053106,0.8448741546569218,0.071897648857473,15.982606,1.1437426,,,"NOT_AVAILABLE",4893.8804,0.402,0.47749344
66727440842362368,56.756516539475655,0.17024583849200223,24.159051194112294,0.10353479219622806,0.6250430745814881,0.18468801016262767,17.650993,1.3246651,,,"NOT_AVAILABLE",,,
66727299106478464,56.79561760679985,0.28254145905952593,24.168264340609205,0.18170206783732487,0.09206367565132119,0.3207792911044514,18.366705,1.0758915,,,"NOT_AVAILABLE",,,
66727578281312128,56.78137009848855,0.11073134926882759,24.18697151816014,0.0608302740764463,0.8115427518823723,0.11203755179892139,16.53016,1.1300163,,,"NOT_AVAILABLE",4897.705,0.2223,0.31224486
66727234683960320,56.76048493961499,0.039823388038756756,24.149991208894996,0.02275928088325707,0.6498447982561645,0.042516175827096964,14.444069,0.7822752,,,"NOT_AVAILABLE",5921.0,,2.919388
66727612639238528,56.79007729004421,3.3506171110374923,24.18625096298228,1.5948503292900207,,,20.821411,0.4282856,,,"NOT_AVAILABLE",,,
66715414932113792,56.78876069059552,2.569443292970707,24.130451392707805,1.7367016115133933,,,20.844429,0.28613853,,,"NOT_AVAILABLE",,,
66715380572144768,56.80943659579126,1.676792624255098,24.12664756546072,0.7901879455537714,-1.0151755701932503,1.9468685487956467,20.476213,-0.044576645,,,"NOT_AVAILABLE",,,
66727578279500032,56.78270301137374,2.602452728020199,24.183634680506895,1.371701241933372,,,20.834915,0.4596157,,,"NOT_AVAILABLE",,,
66715174413940992,56.817532103861986,2.8591075092925142,24.11693454131339,1.7686512106604835,,,20.983002,,,,"NOT_AVAILABLE",,,
66727269041617920,56.77708679610136,0.8790689654380388,24.17130133319198,0.523673616486683,2.3279286166775512,0.9694903604682035,20.044828,1.0702152,,,"NOT_AVAILABLE",,,
66727475200048000,56.76518563784813,0.9123577489331396,24.172161717369903,0.510378305532941,-1.119803898562756,1.0049724127667279,20.102747,1.1135979,,,"NOT_AVAILABLE",,,
66727234683932288,56.76168971646475,0.10225931586380016,24.156179761466117,0.06240963634542929,0.4769576156454049,0.11077594831080703,16.879879,1.1643295,,,"NOT_AVAILABLE",4930.53,0.824,
66715479357695872,56.82719567852305,0.3847609063578809,24.13998551342342,0.1314749407051598,0.9371604519663244,0.3358993574116552,16.836992,0.7955265,,,"NOT_AVAILABLE",5409.0,,
66727234683931520,56.76501821521337,0.03860983792761046,24.159493563402044,0.02120394640858928,7.409468715511654,0.041379888327162315,13.838818,1.8939762,,,"NOT_AVAILABLE",3834.0,0.224,0.0736497
66715513716910976,56.826425208341476,0.12576727600411658,24.15099619979527,0.07307739930889462,-0.013756634931394464,0.14328677427550504,17.172575,0.98365784,,,"NOT_AVAILABLE",,,
66727509561837696,56.74879536262784,0.184216157048385,24.175141371717256,0.09386107043848284,0.1709579757756618,0.19191118765560256,17.484163,0.8397026,,,"NOT_AVAILABLE",,,
66727436545426304,56.75302914852252,0.467100837848796,24.159671973500497,0.2783989447320506,0.6537483753460716,0.5054249968093095,18.988392,1.4096832,,,"NOT_AVAILABLE",,,
66715174415766144,56.82575313837368,0.04691627735111483,24.118499670526287,0.026829116772528538,2.733327787648749,0.05214599538480763,15.210105,1.527091,,,"NOT_AVAILABLE",4424.3574,0.321,0.1087987
66728265476081408,56.730555417376586,0.20407791564030217,24.18780429787699,0.10292799739875305,7.29109478907833,0.20318873880306434,17.22878,3.2011213,,,"NOT_AVAILABLE",,,
66715513716911488,56.826743117738815,0.19388708798064347,24.15803139201272,0.11919665101480827,1.4106798312165933,0.21204934835876116,18.01163,1.2844486,,,"NOT_AVAILABLE",,,
66715582436388096,56.82235656279695,0.41422897040615425,24.157367983434515,0.2555937529276307,0.5550305044551632,0.4711231417415126,19.1503,0.907217,,,"NOT_AVAILABLE",,,
66727303403406208,56.79341366216843,0.05069973202316483,24.16123568072679,0.035346546547447184,1.0138676375649318,0.05816812747942993,15.139462,1.2012997,,,"NOT_AVAILABLE",4834.7124,0.9997,0.7319449
66715071336552320,56.82505887499215,0.03703937911622861,24.100602876234575,0.0211752870953179,2.3821223730502323,0.04115344228865031,14.372702,1.2241955,,,"NOT_AVAILABLE",4870.0,0.193,0.26619574
66715174415766656,56.82045595215171,0.12956682667280114,24.114471171413545,0.07585973265982467,0.8031341316965561,0.14507498739893682,17.381456,1.2007103,,,"NOT_AVAILABLE",,,
66715483653408768,56.82052851038169,0.44452118164521437,24.137953829827698,0.2763615389536666,3.2455339344702683,0.5024009307097369,18.496532,1.6375599,,,"NOT_AVAILABLE",,,
66715174415764736,56.819095560860674,0.8607517603180834,24.12816067087643,0.7625790638275058,10.643168158975726,0.9733399124877887,8.601543,0.64441204,,,"NOT_AVAILABLE",6355.0,0.132,2.3369236
66727165964457216,56.77253259083345,0.09367963789057912,24.138780829238918,0.062320348664593864,0.6987792360261779,0.10165291042719272,15.430297,1.1431866,,,"NOT_AVAILABLE",4888.88,1.102,1.1623482
66715449293670016,56.801491825827185,0.1076543248201661,24.150730124351085,0.06504125422559137,0.8677745880883369,0.11565952637661754,16.94997,1.5081558,,,"NOT_AVAILABLE",4468.3335,,0.21336918
66727573984393600,56.77518551761718,0.4063271237155719,24.175798341246793,0.23667745743064372,0.7806718845267439,0.43640661773648076,19.044018,0.747118,,,"NOT_AVAILABLE",,,
66727608344140288,56.787441504963134,0.18115087255808532,24.187271253396133,0.10151332273585467,0.5373450922751319,0.19205739208949554,17.790693,1.3949032,,,"NOT_AVAILABLE",,,
66715449291954304,56.80126304361569,2.0869659708774475,24.147563406218428,1.0075919874414179,,,20.78663,-0.025659561,,,"NOT_AVAILABLE",,,
66728261179457280,56.73079604720659,0.9874925620873801,24.18983330669205,0.5549391742033736,1.140309410740937,1.094675354552036,20.20627,1.024498,,,"NOT_AVAILABLE",,,
66715273197982848,56.830697474162484,0.05958926531590782,24.138926201582947,0.03390180573551018,7.347068599840799,0.06844924303466178,8.231667,0.35874176,,,"NOT_AVAILABLE",7607.05,0.399,7.0664654
66727505264914304,56.74523936049076,0.2952397244883926,24.173464995524025,0.16997039861589,-0.30581079854815835,0.3187820209805766,18.562878,0.5830326,,,"NOT_AVAILABLE",,,
66715586730442496,56.81749381808986,1.1636780713846622,24.16350449281447,0.7266138398791862,-0.8641098448181894,1.349695588557118,20.486326,,,,"NOT_AVAILABLE",,,
66727230386990976,56.765926305365646,0.4143763494261037,24.147547042877864,0.24079087135272184,0.7688927693174341,0.4513109640372788,18.869696,1.0285473,,,"NOT_AVAILABLE",,,
66715410636984192,56.79197194215107,0.5643720209185222,24.131100634577724,0.311327869567959,-1.2230374022159625,0.6136722475094737,19.514639,0.33927727,,,"NOT_AVAILABLE",,,
66715483651423872,56.81136042579901,1.1907938394297333,24.14276026789421,0.7165743903322684,0.7495656279565903,1.4298158095975515,20.527746,0.44618034,,,"NOT_AVAILABLE",,,
66715105694124928,56.82503646982965,0.9392277216193982,24.11432707413514,0.5336024450342266,1.6020380882664016,1.1664958886919286,19.970001,0.5292454,,,"NOT_AVAILABLE",,,
66715208774291968,56.83561712552884,4.525546809232248,24.122903236593014,1.7922374077079393,,,20.612732,,,,"NOT_AVAILABLE",,,
66715105694123520,56.82982008854514,0.6363312337406309,24.118066297828364,0.3428454066379488,-1.0378955088912751,0.7567237372083063,19.498732,0.095817566,,,"NOT_AVAILABLE",,,
